<?xml version="1.0" encoding="UTF-8"?>
<module type="JAVA_MODULE" version="4">
  <component name="NewModuleRootManager" inherit-compiler-output="true">
    <exclude-output />
    <content url="file://$MODULE_DIR$">
      <sourceFolder url="file://$MODULE_DIR$/src" isTestSource="false" />
      <sourceFolder url="file://$MODULE_DIR$/tests" isTestSource="true" />
    </content>
    <orderEntry type="inheritedJdk" />
    <orderEntry type="sourceFolder" forTests="false" />
    <orderEntry type="module-library" scope="TEST">
      <library name="JUnit4">
        <CLASSES>
          <root url="jar://$APPLICATION_HOME_DIR$/lib/junit-4.12.jar!/" />
          <root url="jar://$APPLICATION_HOME_DIR$/lib/hamcrest-core-1.3.jar!/" />
        </CLASSES>
        <JAVADOC />
        <SOURCES />
      </library>
    </orderEntry>
  </component>
</module>